<?xml version="1.0" encoding="UTF-8"?>
<BaliMessageLog>
    <Task name="Translate">
        <Message>
            <ID>1166052</ID>
            <Severity>Warning</Severity>
            <Dynamic>logical</Dynamic>
            <Dynamic>K00/D00/OSCinst0_SEDSTDBY</Dynamic>
            <Navigation>K00/D00/OSCinst0_SEDSTDBY</Navigation>
        </Message>
        <Message>
            <ID>1163101</ID>
            <Severity>Warning</Severity>
            <Dynamic>1</Dynamic>
        </Message>
    </Task>
    <Task name="Synplify_Synthesis">
        <Message>
            <ID>2011000</ID>
            <Severity>Info</Severity>
        </Message>
        <Message>
            <ID>2019991</ID>
            <Severity>Warning</Severity>
            <Dynamic>CL279 :&quot;C:\Users\FAROL\Documents\ArquitecturaDeComputadoras3CM1\key00\contring00.vhdl&quot;:18:2:18:3|Pruning register bits 2 to 0 of scont(3 downto 0). If this is not the intended behavior, drive the inputs with valid values, or inputs from the top level.</Dynamic>
            <Navigation>CL279</Navigation>
            <Navigation>C:\Users\FAROL\Documents\ArquitecturaDeComputadoras3CM1\key00\contring00.vhdl</Navigation>
            <Navigation>18</Navigation>
            <Navigation>2</Navigation>
            <Navigation>18</Navigation>
            <Navigation>3</Navigation>
            <Navigation>Pruning register bits 2 to 0 of scont(3 downto 0). If this is not the intended behavior, drive the inputs with valid values, or inputs from the top level.</Navigation>
        </Message>
        <Message>
            <ID>2019991</ID>
            <Severity>Warning</Severity>
            <Dynamic>CD276 :&quot;C:\lscc\diamond\3.11_x64\cae_library\synthesis\vhdl\machxo2.vhd&quot;:2297:8:2297:15|Map for port sedstdby of component osch not found</Dynamic>
            <Navigation>CD276</Navigation>
            <Navigation>C:\lscc\diamond\3.11_x64\cae_library\synthesis\vhdl\machxo2.vhd</Navigation>
            <Navigation>2297</Navigation>
            <Navigation>8</Navigation>
            <Navigation>2297</Navigation>
            <Navigation>15</Navigation>
            <Navigation>Map for port sedstdby of component osch not found</Navigation>
        </Message>
        <Message>
            <ID>2019993</ID>
            <Severity>Warning</Severity>
            <Dynamic>FX474 |User-specified initial value defined for some sequential elements which can prevent optimum synthesis results from being achieved.</Dynamic>
            <Navigation>FX474</Navigation>
            <Navigation>User-specified initial value defined for some sequential elements which can prevent optimum synthesis results from being achieved. </Navigation>
        </Message>
        <Message>
            <ID>2019991</ID>
            <Severity>Warning</Severity>
            <Dynamic>MT529 :&quot;c:\users\farol\documents\arquitecturadecomputadoras3cm1\div00vhdl\div00.vhdl&quot;:20:3:20:4|Found inferred clock osc00|osc_int_inferred_clock which controls 24 sequential elements including K00.D01.sdiv[22:0]. This clock has no specified timing constraint which may prevent conversion of gated or generated clocks and may adversely impact design performance.</Dynamic>
            <Navigation>MT529</Navigation>
            <Navigation>c:\users\farol\documents\arquitecturadecomputadoras3cm1\div00vhdl\div00.vhdl</Navigation>
            <Navigation>20</Navigation>
            <Navigation>3</Navigation>
            <Navigation>20</Navigation>
            <Navigation>4</Navigation>
            <Navigation>Found inferred clock osc00|osc_int_inferred_clock which controls 24 sequential elements including K00.D01.sdiv[22:0]. This clock has no specified timing constraint which may prevent conversion of gated or generated clocks and may adversely impact design performance. </Navigation>
        </Message>
        <Message>
            <ID>2019993</ID>
            <Severity>Warning</Severity>
            <Dynamic>MT420 |Found inferred clock osc00|osc_int_inferred_clock with period 480.77ns. Please declare a user-defined clock on net K00.D00.sclk.</Dynamic>
            <Navigation>MT420</Navigation>
            <Navigation>Found inferred clock osc00|osc_int_inferred_clock with period 480.77ns. Please declare a user-defined clock on net K00.D00.sclk.</Navigation>
        </Message>
    </Task>
</BaliMessageLog>