<?xml version="1.0" encoding="UTF-8"?>
<BaliMessageLog>
    <Task name="Map">
        <Message>
            <ID>1100679</ID>
            <Severity>Warning</Severity>
            <Dynamic>C:/Users/FAROL/Documents/ArquitecturaDeComputadoras3CM1/div00/div00.lpf(3): Semantic error in &quot;LOCATE COMP &quot;oscout&quot; SITE &quot;61&quot; ;&quot;: </Dynamic>
            <Dynamic>oscout</Dynamic>
            <Navigation>C:/Users/FAROL/Documents/ArquitecturaDeComputadoras3CM1/div00/div00.lpf</Navigation>
            <Navigation>3</Navigation>
        </Message>
        <Message>
            <ID>1100679</ID>
            <Severity>Warning</Severity>
            <Dynamic>C:/Users/FAROL/Documents/ArquitecturaDeComputadoras3CM1/div00/div00.lpf(4): Semantic error in &quot;LOCATE COMP &quot;cdiv[4]&quot; SITE &quot;1&quot; ;&quot;: </Dynamic>
            <Dynamic>cdiv[4]</Dynamic>
            <Navigation>C:/Users/FAROL/Documents/ArquitecturaDeComputadoras3CM1/div00/div00.lpf</Navigation>
            <Navigation>4</Navigation>
        </Message>
        <Message>
            <ID>1100679</ID>
            <Severity>Warning</Severity>
            <Dynamic>C:/Users/FAROL/Documents/ArquitecturaDeComputadoras3CM1/div00/div00.lpf(5): Semantic error in &quot;LOCATE COMP &quot;cdiv[3]&quot; SITE &quot;2&quot; ;&quot;: </Dynamic>
            <Dynamic>cdiv[3]</Dynamic>
            <Navigation>C:/Users/FAROL/Documents/ArquitecturaDeComputadoras3CM1/div00/div00.lpf</Navigation>
            <Navigation>5</Navigation>
        </Message>
        <Message>
            <ID>1100679</ID>
            <Severity>Warning</Severity>
            <Dynamic>C:/Users/FAROL/Documents/ArquitecturaDeComputadoras3CM1/div00/div00.lpf(6): Semantic error in &quot;LOCATE COMP &quot;cdiv[2]&quot; SITE &quot;3&quot; ;&quot;: </Dynamic>
            <Dynamic>cdiv[2]</Dynamic>
            <Navigation>C:/Users/FAROL/Documents/ArquitecturaDeComputadoras3CM1/div00/div00.lpf</Navigation>
            <Navigation>6</Navigation>
        </Message>
        <Message>
            <ID>1100679</ID>
            <Severity>Warning</Severity>
            <Dynamic>C:/Users/FAROL/Documents/ArquitecturaDeComputadoras3CM1/div00/div00.lpf(7): Semantic error in &quot;LOCATE COMP &quot;cdiv[1]&quot; SITE &quot;4&quot; ;&quot;: </Dynamic>
            <Dynamic>cdiv[1]</Dynamic>
            <Navigation>C:/Users/FAROL/Documents/ArquitecturaDeComputadoras3CM1/div00/div00.lpf</Navigation>
            <Navigation>7</Navigation>
        </Message>
        <Message>
            <ID>1100679</ID>
            <Severity>Warning</Severity>
            <Dynamic>C:/Users/FAROL/Documents/ArquitecturaDeComputadoras3CM1/div00/div00.lpf(8): Semantic error in &quot;LOCATE COMP &quot;cdiv[0]&quot; SITE &quot;5&quot; ;&quot;: </Dynamic>
            <Dynamic>cdiv[0]</Dynamic>
            <Navigation>C:/Users/FAROL/Documents/ArquitecturaDeComputadoras3CM1/div00/div00.lpf</Navigation>
            <Navigation>8</Navigation>
        </Message>
    </Task>
    <Task name="Translate">
        <Message>
            <ID>1166052</ID>
            <Severity>Warning</Severity>
            <Dynamic>logical</Dynamic>
            <Dynamic>D00/OSCinst0_SEDSTDBY</Dynamic>
            <Navigation>D00/OSCinst0_SEDSTDBY</Navigation>
        </Message>
        <Message>
            <ID>1163101</ID>
            <Severity>Warning</Severity>
            <Dynamic>1</Dynamic>
        </Message>
    </Task>
    <Task name="Synplify_Synthesis">
        <Message>
            <ID>2011000</ID>
            <Severity>Info</Severity>
        </Message>
        <Message>
            <ID>2019991</ID>
            <Severity>Warning</Severity>
            <Dynamic>CD276 :&quot;C:\lscc\diamond\3.11_x64\cae_library\synthesis\vhdl\machxo2.vhd&quot;:2297:8:2297:15|Map for port sedstdby of component osch not found</Dynamic>
            <Navigation>CD276</Navigation>
            <Navigation>C:\lscc\diamond\3.11_x64\cae_library\synthesis\vhdl\machxo2.vhd</Navigation>
            <Navigation>2297</Navigation>
            <Navigation>8</Navigation>
            <Navigation>2297</Navigation>
            <Navigation>15</Navigation>
            <Navigation>Map for port sedstdby of component osch not found</Navigation>
        </Message>
        <Message>
            <ID>2019991</ID>
            <Severity>Warning</Severity>
            <Dynamic>MT529 :&quot;c:\users\farol\documents\arquitecturadecomputadoras3cm1\div00\div00.vhdl&quot;:20:3:20:4|Found inferred clock osc00|osc_int_inferred_clock which controls 24 sequential elements including D01.sdiv[22:0]. This clock has no specified timing constraint which may prevent conversion of gated or generated clocks and may adversely impact design performance.</Dynamic>
            <Navigation>MT529</Navigation>
            <Navigation>c:\users\farol\documents\arquitecturadecomputadoras3cm1\div00\div00.vhdl</Navigation>
            <Navigation>20</Navigation>
            <Navigation>3</Navigation>
            <Navigation>20</Navigation>
            <Navigation>4</Navigation>
            <Navigation>Found inferred clock osc00|osc_int_inferred_clock which controls 24 sequential elements including D01.sdiv[22:0]. This clock has no specified timing constraint which may prevent conversion of gated or generated clocks and may adversely impact design performance. </Navigation>
        </Message>
        <Message>
            <ID>2019993</ID>
            <Severity>Warning</Severity>
            <Dynamic>MT420 |Found inferred clock osc00|osc_int_inferred_clock with period 480.77ns. Please declare a user-defined clock on net D00.sclk.</Dynamic>
            <Navigation>MT420</Navigation>
            <Navigation>Found inferred clock osc00|osc_int_inferred_clock with period 480.77ns. Please declare a user-defined clock on net D00.sclk.</Navigation>
        </Message>
    </Task>
</BaliMessageLog>