<?xml version="1.0" encoding="UTF-8"?>
<BaliMessageLog>
    <Task name="Map">
        <Message>
            <ID>51001030</ID>
            <Severity>Warning</Severity>
            <Dynamic>clr0_c</Dynamic>
        </Message>
    </Task>
    <Task name="Translate">
        <Message>
            <ID>1166052</ID>
            <Severity>Warning</Severity>
            <Dynamic>logical</Dynamic>
            <Dynamic>U0/OS01/un1_sdiv_1_cry_19_0_COUT</Dynamic>
            <Navigation>U0/OS01/un1_sdiv_1_cry_19_0_COUT</Navigation>
        </Message>
        <Message>
            <ID>1166052</ID>
            <Severity>Warning</Severity>
            <Dynamic>logical</Dynamic>
            <Dynamic>U0/OS01/un1_sdiv_1_cry_0_0_S0</Dynamic>
            <Navigation>U0/OS01/un1_sdiv_1_cry_0_0_S0</Navigation>
        </Message>
        <Message>
            <ID>1166052</ID>
            <Severity>Warning</Severity>
            <Dynamic>logical</Dynamic>
            <Dynamic>U0/OS00/OSCInst0_SEDSTDBY</Dynamic>
            <Navigation>U0/OS00/OSCInst0_SEDSTDBY</Navigation>
        </Message>
        <Message>
            <ID>1166052</ID>
            <Severity>Warning</Severity>
            <Dynamic>logical</Dynamic>
            <Dynamic>U1/addr_cry_0_COUT[30]</Dynamic>
            <Navigation>U1/addr_cry_0_COUT[30]</Navigation>
        </Message>
        <Message>
            <ID>1166052</ID>
            <Severity>Warning</Severity>
            <Dynamic>logical</Dynamic>
            <Dynamic>U1/addr_lcry_0_S0</Dynamic>
            <Navigation>U1/addr_lcry_0_S0</Navigation>
        </Message>
        <Message>
            <ID>1166052</ID>
            <Severity>Warning</Severity>
            <Dynamic>logical</Dynamic>
            <Dynamic>U1/addr_lcry_0_S1</Dynamic>
            <Navigation>U1/addr_lcry_0_S1</Navigation>
        </Message>
        <Message>
            <ID>1163101</ID>
            <Severity>Warning</Severity>
            <Dynamic>6</Dynamic>
        </Message>
    </Task>
    <Task name="Synplify_Synthesis">
        <Message>
            <ID>2011000</ID>
            <Severity>Info</Severity>
        </Message>
        <Message>
            <ID>2019991</ID>
            <Severity>Warning</Severity>
            <Dynamic>CD326 :&quot;E:\Users\Dowloads\lcdram00\lcdram00\source\toplcdram00.vhd&quot;:33:1:33:2|Port led2 of entity work.lcdram00 is unconnected. If a port needs to remain unconnected, use the keyword open.</Dynamic>
            <Navigation>CD326</Navigation>
            <Navigation>E:\Users\Dowloads\lcdram00\lcdram00\source\toplcdram00.vhd</Navigation>
            <Navigation>33</Navigation>
            <Navigation>1</Navigation>
            <Navigation>33</Navigation>
            <Navigation>2</Navigation>
            <Navigation>Port led2 of entity work.lcdram00 is unconnected. If a port needs to remain unconnected, use the keyword open.</Navigation>
        </Message>
        <Message>
            <ID>2019991</ID>
            <Severity>Warning</Severity>
            <Dynamic>CG296 :&quot;E:\Users\Dowloads\lcdram00\lcdram00\source\lcdram00.vhd&quot;:92:0:92:6|Incomplete sensitivity list; assuming completeness. Make sure all referenced variables in message CG290 are included in the sensitivity list.</Dynamic>
            <Navigation>CG296</Navigation>
            <Navigation>E:\Users\Dowloads\lcdram00\lcdram00\source\lcdram00.vhd</Navigation>
            <Navigation>92</Navigation>
            <Navigation>0</Navigation>
            <Navigation>92</Navigation>
            <Navigation>6</Navigation>
            <Navigation>Incomplete sensitivity list; assuming completeness. Make sure all referenced variables in message CG290 are included in the sensitivity list.</Navigation>
        </Message>
        <Message>
            <ID>2019991</ID>
            <Severity>Warning</Severity>
            <Dynamic>CG290 :&quot;E:\Users\Dowloads\lcdram00\lcdram00\source\lcdram00.vhd&quot;:94:3:94:5|Referenced variable clr is not in sensitivity list.</Dynamic>
            <Navigation>CG290</Navigation>
            <Navigation>E:\Users\Dowloads\lcdram00\lcdram00\source\lcdram00.vhd</Navigation>
            <Navigation>94</Navigation>
            <Navigation>3</Navigation>
            <Navigation>94</Navigation>
            <Navigation>5</Navigation>
            <Navigation>Referenced variable clr is not in sensitivity list.</Navigation>
        </Message>
        <Message>
            <ID>2019991</ID>
            <Severity>Warning</Severity>
            <Dynamic>CL240 :&quot;E:\Users\Dowloads\lcdram00\lcdram00\source\lcdram00.vhd&quot;:16:1:16:4|Signal LED2 is floating; a simulation mismatch is possible.</Dynamic>
            <Navigation>CL240</Navigation>
            <Navigation>E:\Users\Dowloads\lcdram00\lcdram00\source\lcdram00.vhd</Navigation>
            <Navigation>16</Navigation>
            <Navigation>1</Navigation>
            <Navigation>16</Navigation>
            <Navigation>4</Navigation>
            <Navigation>Signal LED2 is floating; a simulation mismatch is possible.</Navigation>
        </Message>
        <Message>
            <ID>2019991</ID>
            <Severity>Warning</Severity>
            <Dynamic>CD276 :&quot;E:\Archivos de programa (x86)\Diamond\diamond\3.9_x64\cae_library\synthesis\vhdl\machxo2.vhd&quot;:2297:8:2297:15|Map for port sedstdby of component osch not found</Dynamic>
            <Navigation>CD276</Navigation>
            <Navigation>E:\Archivos de programa (x86)\Diamond\diamond\3.9_x64\cae_library\synthesis\vhdl\machxo2.vhd</Navigation>
            <Navigation>2297</Navigation>
            <Navigation>8</Navigation>
            <Navigation>2297</Navigation>
            <Navigation>15</Navigation>
            <Navigation>Map for port sedstdby of component osch not found</Navigation>
        </Message>
        <Message>
            <ID>2019993</ID>
            <Severity>Warning</Severity>
            <Dynamic>FX474 |User-specified initial value defined for some sequential elements which can prevent optimum synthesis results from being achieved.</Dynamic>
            <Navigation>FX474</Navigation>
            <Navigation>User-specified initial value defined for some sequential elements which can prevent optimum synthesis results from being achieved. </Navigation>
        </Message>
        <Message>
            <ID>2019991</ID>
            <Severity>Warning</Severity>
            <Dynamic>MT529 :&quot;e:\users\dowloads\lcdram00\lcdram00\source\div00.vhd&quot;:22:2:22:3|Found inferred clock osc00|osc_int_inferred_clock which controls 22 sequential elements including U0.OS01.sdiv[20:0]. This clock has no specified timing constraint which may prevent conversion of gated or generated clocks and may adversely impact design performance.</Dynamic>
            <Navigation>MT529</Navigation>
            <Navigation>e:\users\dowloads\lcdram00\lcdram00\source\div00.vhd</Navigation>
            <Navigation>22</Navigation>
            <Navigation>2</Navigation>
            <Navigation>22</Navigation>
            <Navigation>3</Navigation>
            <Navigation>Found inferred clock osc00|osc_int_inferred_clock which controls 22 sequential elements including U0.OS01.sdiv[20:0]. This clock has no specified timing constraint which may prevent conversion of gated or generated clocks and may adversely impact design performance. </Navigation>
        </Message>
        <Message>
            <ID>2019991</ID>
            <Severity>Warning</Severity>
            <Dynamic>BN132 :&quot;e:\users\dowloads\lcdram00\lcdram00\source\lcdram00.vhd&quot;:94:0:94:1|Removing instance U1.c_key[7] because it is equivalent to instance U1.c_key[5]. To keep the instance, apply constraint syn_preserve=1 on the instance.</Dynamic>
            <Navigation>BN132</Navigation>
            <Navigation>e:\users\dowloads\lcdram00\lcdram00\source\lcdram00.vhd</Navigation>
            <Navigation>94</Navigation>
            <Navigation>0</Navigation>
            <Navigation>94</Navigation>
            <Navigation>1</Navigation>
            <Navigation>Removing instance U1.c_key[7] because it is equivalent to instance U1.c_key[5]. To keep the instance, apply constraint syn_preserve=1 on the instance.</Navigation>
        </Message>
        <Message>
            <ID>2019991</ID>
            <Severity>Warning</Severity>
            <Dynamic>BN132 :&quot;e:\users\dowloads\lcdram00\lcdram00\source\lcdram00.vhd&quot;:94:0:94:1|Removing instance U1.ram_18[7] because it is equivalent to instance U1.ram_18[5]. To keep the instance, apply constraint syn_preserve=1 on the instance.</Dynamic>
            <Navigation>BN132</Navigation>
            <Navigation>e:\users\dowloads\lcdram00\lcdram00\source\lcdram00.vhd</Navigation>
            <Navigation>94</Navigation>
            <Navigation>0</Navigation>
            <Navigation>94</Navigation>
            <Navigation>1</Navigation>
            <Navigation>Removing instance U1.ram_18[7] because it is equivalent to instance U1.ram_18[5]. To keep the instance, apply constraint syn_preserve=1 on the instance.</Navigation>
        </Message>
        <Message>
            <ID>2019991</ID>
            <Severity>Warning</Severity>
            <Dynamic>BN132 :&quot;e:\users\dowloads\lcdram00\lcdram00\source\lcdram00.vhd&quot;:94:0:94:1|Removing instance U1.ram_19[7] because it is equivalent to instance U1.ram_19[5]. To keep the instance, apply constraint syn_preserve=1 on the instance.</Dynamic>
            <Navigation>BN132</Navigation>
            <Navigation>e:\users\dowloads\lcdram00\lcdram00\source\lcdram00.vhd</Navigation>
            <Navigation>94</Navigation>
            <Navigation>0</Navigation>
            <Navigation>94</Navigation>
            <Navigation>1</Navigation>
            <Navigation>Removing instance U1.ram_19[7] because it is equivalent to instance U1.ram_19[5]. To keep the instance, apply constraint syn_preserve=1 on the instance.</Navigation>
        </Message>
        <Message>
            <ID>2019991</ID>
            <Severity>Warning</Severity>
            <Dynamic>BN132 :&quot;e:\users\dowloads\lcdram00\lcdram00\source\lcdram00.vhd&quot;:94:0:94:1|Removing instance U1.ram_20[7] because it is equivalent to instance U1.ram_20[5]. To keep the instance, apply constraint syn_preserve=1 on the instance.</Dynamic>
            <Navigation>BN132</Navigation>
            <Navigation>e:\users\dowloads\lcdram00\lcdram00\source\lcdram00.vhd</Navigation>
            <Navigation>94</Navigation>
            <Navigation>0</Navigation>
            <Navigation>94</Navigation>
            <Navigation>1</Navigation>
            <Navigation>Removing instance U1.ram_20[7] because it is equivalent to instance U1.ram_20[5]. To keep the instance, apply constraint syn_preserve=1 on the instance.</Navigation>
        </Message>
        <Message>
            <ID>2019991</ID>
            <Severity>Warning</Severity>
            <Dynamic>BN132 :&quot;e:\users\dowloads\lcdram00\lcdram00\source\lcdram00.vhd&quot;:94:0:94:1|Removing instance U1.ram_21[7] because it is equivalent to instance U1.ram_21[5]. To keep the instance, apply constraint syn_preserve=1 on the instance.</Dynamic>
            <Navigation>BN132</Navigation>
            <Navigation>e:\users\dowloads\lcdram00\lcdram00\source\lcdram00.vhd</Navigation>
            <Navigation>94</Navigation>
            <Navigation>0</Navigation>
            <Navigation>94</Navigation>
            <Navigation>1</Navigation>
            <Navigation>Removing instance U1.ram_21[7] because it is equivalent to instance U1.ram_21[5]. To keep the instance, apply constraint syn_preserve=1 on the instance.</Navigation>
        </Message>
        <Message>
            <ID>2019991</ID>
            <Severity>Warning</Severity>
            <Dynamic>BN132 :&quot;e:\users\dowloads\lcdram00\lcdram00\source\lcdram00.vhd&quot;:94:0:94:1|Removing instance U1.ram_22[7] because it is equivalent to instance U1.ram_22[5]. To keep the instance, apply constraint syn_preserve=1 on the instance.</Dynamic>
            <Navigation>BN132</Navigation>
            <Navigation>e:\users\dowloads\lcdram00\lcdram00\source\lcdram00.vhd</Navigation>
            <Navigation>94</Navigation>
            <Navigation>0</Navigation>
            <Navigation>94</Navigation>
            <Navigation>1</Navigation>
            <Navigation>Removing instance U1.ram_22[7] because it is equivalent to instance U1.ram_22[5]. To keep the instance, apply constraint syn_preserve=1 on the instance.</Navigation>
        </Message>
        <Message>
            <ID>2019991</ID>
            <Severity>Warning</Severity>
            <Dynamic>BN132 :&quot;e:\users\dowloads\lcdram00\lcdram00\source\lcdram00.vhd&quot;:94:0:94:1|Removing instance U1.ram_23[7] because it is equivalent to instance U1.ram_23[5]. To keep the instance, apply constraint syn_preserve=1 on the instance.</Dynamic>
            <Navigation>BN132</Navigation>
            <Navigation>e:\users\dowloads\lcdram00\lcdram00\source\lcdram00.vhd</Navigation>
            <Navigation>94</Navigation>
            <Navigation>0</Navigation>
            <Navigation>94</Navigation>
            <Navigation>1</Navigation>
            <Navigation>Removing instance U1.ram_23[7] because it is equivalent to instance U1.ram_23[5]. To keep the instance, apply constraint syn_preserve=1 on the instance.</Navigation>
        </Message>
        <Message>
            <ID>2019991</ID>
            <Severity>Warning</Severity>
            <Dynamic>BN132 :&quot;e:\users\dowloads\lcdram00\lcdram00\source\lcdram00.vhd&quot;:94:0:94:1|Removing instance U1.ram_24[7] because it is equivalent to instance U1.ram_24[5]. To keep the instance, apply constraint syn_preserve=1 on the instance.</Dynamic>
            <Navigation>BN132</Navigation>
            <Navigation>e:\users\dowloads\lcdram00\lcdram00\source\lcdram00.vhd</Navigation>
            <Navigation>94</Navigation>
            <Navigation>0</Navigation>
            <Navigation>94</Navigation>
            <Navigation>1</Navigation>
            <Navigation>Removing instance U1.ram_24[7] because it is equivalent to instance U1.ram_24[5]. To keep the instance, apply constraint syn_preserve=1 on the instance.</Navigation>
        </Message>
        <Message>
            <ID>2019991</ID>
            <Severity>Warning</Severity>
            <Dynamic>BN132 :&quot;e:\users\dowloads\lcdram00\lcdram00\source\lcdram00.vhd&quot;:94:0:94:1|Removing instance U1.ram_25[7] because it is equivalent to instance U1.ram_25[5]. To keep the instance, apply constraint syn_preserve=1 on the instance.</Dynamic>
            <Navigation>BN132</Navigation>
            <Navigation>e:\users\dowloads\lcdram00\lcdram00\source\lcdram00.vhd</Navigation>
            <Navigation>94</Navigation>
            <Navigation>0</Navigation>
            <Navigation>94</Navigation>
            <Navigation>1</Navigation>
            <Navigation>Removing instance U1.ram_25[7] because it is equivalent to instance U1.ram_25[5]. To keep the instance, apply constraint syn_preserve=1 on the instance.</Navigation>
        </Message>
        <Message>
            <ID>2019991</ID>
            <Severity>Warning</Severity>
            <Dynamic>BN132 :&quot;e:\users\dowloads\lcdram00\lcdram00\source\lcdram00.vhd&quot;:94:0:94:1|Removing instance U1.ram_26[7] because it is equivalent to instance U1.ram_26[5]. To keep the instance, apply constraint syn_preserve=1 on the instance.</Dynamic>
            <Navigation>BN132</Navigation>
            <Navigation>e:\users\dowloads\lcdram00\lcdram00\source\lcdram00.vhd</Navigation>
            <Navigation>94</Navigation>
            <Navigation>0</Navigation>
            <Navigation>94</Navigation>
            <Navigation>1</Navigation>
            <Navigation>Removing instance U1.ram_26[7] because it is equivalent to instance U1.ram_26[5]. To keep the instance, apply constraint syn_preserve=1 on the instance.</Navigation>
        </Message>
        <Message>
            <ID>2019993</ID>
            <Severity>Warning</Severity>
            <Dynamic>MT420 |Found inferred clock osc00|osc_int_inferred_clock with period 480.77ns. Please declare a user-defined clock on object &quot;n:U0.OS00.osc_int&quot;</Dynamic>
            <Navigation>MT420</Navigation>
            <Navigation>Found inferred clock osc00|osc_int_inferred_clock with period 480.77ns. Please declare a user-defined clock on object &quot;n:U0.OS00.osc_int&quot;</Navigation>
        </Message>
    </Task>
</BaliMessageLog>